trial_nr	onset	event_type	phase	response	nr_frames	condition	onset_abs	duration
0	0.006872892379760742	stim	0		12926		176.08424973487854	107.71560406684875
0	107.71958804130554	pulse	0	t			283.7969648838043	
1	107.72247695922852	stim	0		2401	baseline	283.7998538017273	20.008777141571045
1	108.83151507377625	pulse	0	t		baseline	284.908891916275	
1	109.93984699249268	pulse	0	t		baseline	286.01722383499146	
1	111.04930710792542	pulse	0	t		baseline	287.1266839504242	
1	112.16480088233948	pulse	0	t		baseline	288.24217772483826	
1	112.29805302619934	response	0	b		baseline	288.3754298686981	
1	113.27308893203735	pulse	0	t		baseline	289.35046577453613	
1	114.38974595069885	pulse	0	t		baseline	290.46712279319763	
1	115.4982590675354	pulse	0	t		baseline	291.5756359100342	
1	115.93139910697937	response	0	b		baseline	292.00877594947815	
1	116.6063859462738	pulse	0	t		baseline	292.6837627887726	
1	117.72312498092651	pulse	0	t		baseline	293.8005018234253	
1	118.83148694038391	pulse	0	t		baseline	294.9088637828827	
1	119.11470293998718	response	0	b		baseline	295.19207978248596	
1	119.94092202186584	pulse	0	t		baseline	296.0182988643646	
1	121.05637693405151	pulse	0	t		baseline	297.1337537765503	
1	122.16479110717773	pulse	0	t		baseline	298.2421679496765	
1	123.23977208137512	response	0	b		baseline	299.3171489238739	
1	123.28138589859009	pulse	0	t		baseline	299.35876274108887	
1	124.38974499702454	pulse	0	t		baseline	300.4671218395233	
1	125.4981300830841	pulse	0	t		baseline	301.5755069255829	
1	125.95640397071838	response	0	b		baseline	302.03378081321716	
1	126.61476588249207	pulse	0	t		baseline	302.69214272499084	
1	127.72307395935059	pulse	0	t		baseline	303.80045080184937	
2	127.73125410079956	stim	0		30	horizontal	303.80863094329834	0.25005483627319336
3	127.98130893707275	stim	0		30	horizontal	304.05868577957153	0.24998116493225098
4	128.231290102005	stim	0		30	horizontal	304.3086669445038	0.25004100799560547
5	128.4813311100006	stim	0		30	horizontal	304.5587079524994	0.24996280670166016
6	128.73129391670227	stim	0		30	horizontal	304.80867075920105	0.2499680519104004
6	128.83292603492737	pulse	0	t		horizontal	304.91030287742615	
7	128.98126196861267	stim	0		30	horizontal	305.05863881111145	0.2500641345977783
8	129.23132610321045	stim	0		30	horizontal	305.30870294570923	0.24988293647766113
9	129.4812090396881	stim	0		30	horizontal	305.5585858821869	0.25003790855407715
10	129.7312469482422	stim	0		30	horizontal	305.80862379074097	0.25014305114746094
10	129.94821906089783	pulse	0	t		horizontal	306.0255959033966	
11	129.98138999938965	stim	0		30	horizontal	306.0587668418884	0.24993109703063965
11	130.1745150089264	response	0	b		horizontal	306.25189185142517	
12	130.2313210964203	stim	0		30	horizontal	306.30869793891907	0.2499229907989502
13	130.48124408721924	stim	0		30	horizontal	306.558620929718	0.2500598430633545
14	130.7313039302826	stim	0		30	horizontal	306.8086807727814	0.2499699592590332
15	130.98127388954163	stim	0		30	horizontal	307.0586507320404	0.25005006790161133
15	131.05643510818481	pulse	0	t		horizontal	307.1338119506836	
16	131.23132395744324	stim	0		30	horizontal	307.308700799942	0.24997901916503906
17	131.48130297660828	stim	0		30	horizontal	307.55867981910706	0.25002503395080566
18	131.73132801055908	stim	0		30	horizontal	307.80870485305786	0.25005507469177246
19	131.98138308525085	stim	0		30	horizontal	308.05875992774963	0.249924898147583
19	132.17304301261902	pulse	0	t		horizontal	308.2504198551178	
20	132.23130798339844	stim	0		30	horizontal	308.3086848258972	0.25002312660217285
21	132.4813311100006	stim	0		30	horizontal	308.5587079524994	0.2500917911529541
22	132.73142290115356	stim	0		30	horizontal	308.80879974365234	0.24993515014648438
22	132.8897249698639	response	0	b		horizontal	308.96710181236267	
23	132.98135805130005	stim	0		30	horizontal	309.0587348937988	0.2499239444732666
24	133.23128199577332	stim	0		30	horizontal	309.3086588382721	0.2500159740447998
24	133.28139805793762	pulse	0	t		horizontal	309.3587749004364	
25	133.48129796981812	stim	0		30	horizontal	309.5586748123169	0.24995708465576172
26	133.73125505447388	stim	0		30	horizontal	309.80863189697266	0.2501819133758545
27	133.98143696784973	stim	0		30	horizontal	310.0588138103485	0.24987506866455078
28	134.23131203651428	stim	0		30	horizontal	310.30868887901306	0.24994897842407227
28	134.39135098457336	pulse	0	t		horizontal	310.46872782707214	
29	134.48126101493835	stim	0		30	horizontal	310.55863785743713	0.2500748634338379
30	134.7313358783722	stim	0		30	horizontal	310.808712720871	0.24992108345031738
31	134.9812569618225	stim	0		30	horizontal	311.0586338043213	0.25002598762512207
32	135.23128294944763	stim	0		30	horizontal	311.3086597919464	0.25008511543273926
33	135.48136806488037	stim	0		30	horizontal	311.55874490737915	0.24994683265686035
33	135.50642108917236	pulse	0	t		horizontal	311.58379793167114	
34	135.73131489753723	stim	0		30	horizontal	311.808691740036	0.24994897842407227
35	135.9812638759613	stim	0		30	horizontal	312.0586407184601	0.2500491142272949
36	136.2313129901886	stim	0		30	horizontal	312.3086898326874	0.24998903274536133
37	136.48130202293396	stim	0		30	horizontal	312.55867886543274	0.2500009536743164
37	136.61472511291504	pulse	0	t		horizontal	312.6921019554138	
38	136.73130297660828	stim	0		30	horizontal	312.80867981910706	0.24990296363830566
38	136.93971300125122	response	0	b		horizontal	313.01708984375	
39	136.98120594024658	stim	0		30	horizontal	313.05858278274536	0.25000905990600586
40	137.2312150001526	stim	0		30	horizontal	313.30859184265137	0.2499990463256836
41	137.48121404647827	stim	0		30	horizontal	313.55859088897705	0.2500009536743164
42	137.7312150001526	stim	0		30	horizontal	313.80859184265137	0.2500638961791992
42	137.72516703605652	pulse	0	t		horizontal	313.8025438785553	
43	137.9812788963318	stim	0		30	horizontal	314.05865573883057	0.2500190734863281
44	138.23129796981812	stim	0		30	horizontal	314.3086748123169	0.2499990463256836
45	138.4812970161438	stim	0		30	horizontal	314.5586738586426	0.2500009536743164
46	138.73129796981812	stim	0		30	horizontal	314.8086748123169	0.25000905990600586
46	138.83974409103394	pulse	0	t		horizontal	314.9171209335327	
47	138.98130702972412	stim	0		30	horizontal	315.0586838722229	0.24998188018798828
48	139.2312889099121	stim	0		30	horizontal	315.3086657524109	0.25000619888305664
49	139.48129510879517	stim	0		30	horizontal	315.55867195129395	0.24999284744262695
50	139.7312879562378	stim	0		30	horizontal	315.8086647987366	0.24993896484375
50	139.94806599617004	pulse	0	t		horizontal	316.0254428386688	
51	139.98122692108154	stim	0		30	horizontal	316.0586037635803	0.25011301040649414
52	140.23133993148804	stim	0		30	horizontal	316.3087167739868	0.24991202354431152
53	140.48125195503235	stim	0		30	horizontal	316.5586287975311	0.2499690055847168
53	140.53966093063354	response	0	b		horizontal	316.6170377731323	
54	140.73122096061707	stim	0		30	horizontal	316.80859780311584	0.2500460147857666
55	140.98126697540283	stim	0		30	horizontal	317.0586438179016	0.24999690055847168
55	141.0646939277649	pulse	0	t		horizontal	317.1420707702637	
56	141.2312638759613	stim	0		30	horizontal	317.3086407184601	0.2501261234283447
57	141.48138999938965	stim	0		30	horizontal	317.5587668418884	0.24986791610717773
58	141.73125791549683	stim	0		30	horizontal	317.8086347579956	0.2500150203704834
59	141.9812729358673	stim	0		30	horizontal	318.0586497783661	0.24999094009399414
59	142.17300391197205	pulse	0	t		horizontal	318.2503807544708	
60	142.2312638759613	stim	0		30	horizontal	318.3086407184601	0.25002408027648926
61	142.4812879562378	stim	0		30	horizontal	318.5586647987366	0.2499849796295166
62	142.7312729358673	stim	0		1800	blank	318.8086497783661	14.999990940093994
62	143.02294993400574	response	0	b		blank	319.1003267765045	
62	143.28235793113708	pulse	0	t		blank	319.35973477363586	
62	144.39794301986694	pulse	0	t		blank	320.4753198623657	
62	145.50638604164124	pulse	0	t		blank	321.58376288414	
62	146.6230230331421	pulse	0	t		blank	322.70039987564087	
62	147.15642094612122	response	0	b		blank	323.23379778862	
62	147.73136806488037	pulse	0	t		blank	323.80874490737915	
62	148.8396189212799	pulse	0	t		blank	324.9169957637787	
62	149.95631098747253	pulse	0	t		blank	326.0336878299713	
62	151.06469798088074	pulse	0	t		blank	327.1420748233795	
62	151.1074240207672	response	0	b		blank	327.184800863266	
62	152.17404794692993	pulse	0	t		blank	328.2514247894287	
62	153.28962206840515	pulse	0	t		blank	329.36699891090393	
62	153.70618605613708	response	0	b		blank	329.78356289863586	
62	154.39789009094238	pulse	0	t		blank	330.47526693344116	
62	155.51473188400269	pulse	0	t		blank	331.59210872650146	
62	156.62301588058472	pulse	0	t		blank	332.7003927230835	
62	157.2896659374237	response	0	b		blank	333.3670427799225	
63	157.7312638759613	stim	0		30	vertical	333.8086407184601	0.24990320205688477
63	157.73252296447754	pulse	0	t		vertical	333.8098998069763	
64	157.9811670780182	stim	0		30	vertical	334.05854392051697	0.2500889301300049
65	158.2312560081482	stim	0		30	vertical	334.308632850647	0.24991393089294434
66	158.48116993904114	stim	0		30	vertical	334.5585467815399	0.2499699592590332
67	158.73113989830017	stim	0		30	vertical	334.80851674079895	0.24963808059692383
67	158.8479700088501	pulse	0	t		vertical	334.9253468513489	
68	158.9807779788971	stim	0		30	vertical	335.0581548213959	0.2499709129333496
69	159.23074889183044	stim	0		30	vertical	335.3081257343292	0.24993109703063965
70	159.48067998886108	stim	0		30	vertical	335.55805683135986	0.25075697898864746
71	159.73143696784973	stim	0		30	vertical	335.8088138103485	0.24933791160583496
71	159.95587301254272	pulse	0	t		vertical	336.0332498550415	
72	159.98077487945557	stim	0		30	vertical	336.05815172195435	0.24998903274536133
72	160.14755010604858	response	0	b		vertical	336.22492694854736	
73	160.23076391220093	stim	0		30	vertical	336.3081407546997	0.250028133392334
74	160.48079204559326	stim	0		30	vertical	336.55816888809204	0.25010204315185547
75	160.73089408874512	stim	0		30	vertical	336.8082709312439	0.24997997283935547
76	160.98087406158447	stim	0		30	vertical	337.05825090408325	0.2500648498535156
76	161.07269191741943	pulse	0	t		vertical	337.1500687599182	
77	161.230938911438	stim	0		30	vertical	337.30831575393677	0.2500731945037842
78	161.48101210594177	stim	0		30	vertical	337.55838894844055	0.2500319480895996
79	161.73104405403137	stim	0		30	vertical	337.80842089653015	0.2500019073486328
80	161.98104596138	stim	0		30	vertical	338.0584228038788	0.25005412101745605
80	162.1811239719391	pulse	0	t		vertical	338.25850081443787	
81	162.23110008239746	stim	0		30	vertical	338.30847692489624	0.2500579357147217
82	162.48115801811218	stim	0		30	vertical	338.55853486061096	0.25005602836608887
83	162.73121404647827	stim	0		30	vertical	338.80859088897705	0.24989891052246094
84	162.98111295700073	stim	0		30	vertical	339.0584897994995	0.2502250671386719
85	163.2313380241394	stim	0		30	vertical	339.3087148666382	0.24977803230285645
85	163.28962206840515	pulse	0	t		vertical	339.36699891090393	
86	163.48111605644226	stim	0		30	vertical	339.55849289894104	0.25001001358032227
87	163.73112607002258	stim	0		30	vertical	339.80850291252136	0.2500789165496826
88	163.98120498657227	stim	0		30	vertical	340.05858182907104	0.24994397163391113
89	164.23114895820618	stim	0		30	vertical	340.30852580070496	0.2499220371246338
89	164.23398804664612	response	0	b		vertical	340.3113648891449	
89	164.40626192092896	pulse	0	t		vertical	340.48363876342773	
90	164.4810709953308	stim	0		30	vertical	340.5584478378296	0.2500879764556885
91	164.7311589717865	stim	0		30	vertical	340.8085358142853	0.24994206428527832
92	164.98110103607178	stim	0		30	vertical	341.05847787857056	0.2500739097595215
93	165.2311749458313	stim	0		30	vertical	341.3085517883301	0.24994707107543945
94	165.48112201690674	stim	0		30	vertical	341.5584988594055	0.25006604194641113
94	165.5146610736847	pulse	0	t		vertical	341.5920379161835	
95	165.73118805885315	stim	0		30	vertical	341.80856490135193	0.24996399879455566
96	165.9811520576477	stim	0		30	vertical	342.0585289001465	0.250032901763916
97	166.23118495941162	stim	0		30	vertical	342.3085618019104	0.24996709823608398
98	166.4811520576477	stim	0		30	vertical	342.5585289001465	0.2501349449157715
98	166.62447690963745	pulse	0	t		vertical	342.70185375213623	
99	166.73128700256348	stim	0		30	vertical	342.80866384506226	0.24988889694213867
100	166.98117589950562	stim	0		30	vertical	343.0585527420044	0.25005412101745605
101	167.23123002052307	stim	0		30	vertical	343.30860686302185	0.24984097480773926
102	167.4810709953308	stim	0		30	vertical	343.5584478378296	0.2500319480895996
102	167.61605596542358	response	0	b		vertical	343.69343280792236	
103	167.7311029434204	stim	0		30	vertical	343.8084797859192	0.24999499320983887
103	167.73944902420044	pulse	0	t		vertical	343.8168258666992	
104	167.98109793663025	stim	0		30	vertical	344.058474779129	0.2499690055847168
105	168.23106694221497	stim	0		30	vertical	344.30844378471375	0.25
106	168.48106694221497	stim	0		30	vertical	344.55844378471375	0.2500030994415283
107	168.7310700416565	stim	0		30	vertical	344.8084468841553	0.25008606910705566
107	168.84783411026	pulse	0	t		vertical	344.9252109527588	
108	168.98115611076355	stim	0		30	vertical	345.05853295326233	0.2499709129333496
109	169.2311270236969	stim	0		30	vertical	345.3085038661957	0.2499089241027832
110	169.48103594779968	stim	0		30	vertical	345.55841279029846	0.25008296966552734
111	169.7311189174652	stim	0		30	vertical	345.808495759964	0.24996709823608398
111	169.96469402313232	pulse	0	t		vertical	346.0420708656311	
112	169.9810860157013	stim	0		30	vertical	346.0584628582001	0.2500019073486328
113	170.23108792304993	stim	0		30	vertical	346.3084647655487	0.25002408027648926
113	170.3811550140381	response	0	b		vertical	346.45853185653687	
114	170.48111200332642	stim	0		30	vertical	346.5584888458252	0.24997401237487793
115	170.7310860157013	stim	0		30	vertical	346.8084628582001	0.25000905990600586
116	170.9810950756073	stim	0		30	vertical	347.0584719181061	0.2500150203704834
116	171.07282710075378	pulse	0	t		vertical	347.15020394325256	
117	171.23111009597778	stim	0		30	vertical	347.30848693847656	0.2499558925628662
118	171.48106598854065	stim	0		30	vertical	347.55844283103943	0.24999690055847168
119	171.73106288909912	stim	0		30	vertical	347.8084397315979	0.25005006790161133
120	171.98111295700073	stim	0		30	vertical	348.0584897994995	0.249953031539917
120	172.18120908737183	pulse	0	t		vertical	348.2585859298706	
121	172.23106598854065	stim	0		30	vertical	348.30844283103943	0.2499680519104004
122	172.48103404045105	stim	0		30	vertical	348.55841088294983	0.2500748634338379
123	172.7311089038849	stim	0		1800	blank	348.80848574638367	14.999919176101685
123	173.29790091514587	pulse	0	t		blank	349.37527775764465	
123	174.40617489814758	pulse	0	t		blank	350.48355174064636	
123	174.7645139694214	response	0	b		blank	350.84189081192017	
123	175.51568007469177	pulse	0	t		blank	351.59305691719055	
123	176.63101506233215	pulse	0	t		blank	352.70839190483093	
123	177.73944401741028	pulse	0	t		blank	353.81682085990906	
123	178.85617589950562	pulse	0	t		blank	354.9335527420044	
123	179.1073338985443	response	0	b		blank	355.1847107410431	
123	179.96451091766357	pulse	0	t		blank	356.04188776016235	
123	181.0739459991455	pulse	0	t		blank	357.1513228416443	
123	182.1894509792328	pulse	0	t		blank	358.26682782173157	
123	182.60615992546082	response	0	b		blank	358.6835367679596	
123	183.2977900505066	pulse	0	t		blank	359.37516689300537	
123	184.40721797943115	pulse	0	t		blank	360.48459482192993	
123	185.31566905975342	response	0	b		blank	361.3930459022522	
123	185.52278399467468	pulse	0	t		blank	361.60016083717346	
123	186.63118290901184	pulse	0	t		blank	362.7085597515106	
124	187.73102807998657	stim	0		30	horizontal	363.80840492248535	0.24998688697814941
124	187.74783897399902	pulse	0	t		horizontal	363.8252158164978	
125	187.98101496696472	stim	0		30	horizontal	364.0583918094635	0.25002193450927734
126	188.231036901474	stim	0		30	horizontal	364.3084137439728	0.2500321865081787
127	188.48106908798218	stim	0		30	horizontal	364.55844593048096	0.24994182586669922
128	188.73101091384888	stim	0		30	horizontal	364.80838775634766	0.25002503395080566
128	188.85620403289795	pulse	0	t		horizontal	364.93358087539673	
129	188.98103594779968	stim	0		30	horizontal	365.05841279029846	0.249985933303833
130	189.23102188110352	stim	0		30	horizontal	365.3083987236023	0.24998211860656738
131	189.48100399971008	stim	0		30	horizontal	365.55838084220886	0.2500190734863281
132	189.7310230731964	stim	0		30	horizontal	365.8083999156952	0.24998688697814941
132	189.96610307693481	pulse	0	t		horizontal	366.0434799194336	
133	189.98100996017456	stim	0		30	horizontal	366.05838680267334	0.25002002716064453
134	190.2310299873352	stim	0		30	horizontal	366.308406829834	0.24999094009399414
135	190.4810209274292	stim	0		30	horizontal	366.558397769928	0.24999403953552246
136	190.73101496696472	stim	0		30	horizontal	366.8083918094635	0.24993395805358887
137	190.9809489250183	stim	0		30	horizontal	367.0583257675171	0.25006103515625
137	191.081120967865	pulse	0	t		horizontal	367.15849781036377	
138	191.23100996017456	stim	0		30	horizontal	367.30838680267334	0.2500181198120117
139	191.48102807998657	stim	0		30	horizontal	367.55840492248535	0.2500298023223877
140	191.73105788230896	stim	0		30	horizontal	367.80843472480774	0.2499852180480957
141	191.98104310035706	stim	0		30	horizontal	368.05841994285583	0.24994897842407227
141	192.18945002555847	pulse	0	t		horizontal	368.26682686805725	
142	192.23099207878113	stim	0		30	horizontal	368.3083689212799	0.2500448226928711
143	192.481036901474	stim	0		30	horizontal	368.5584137439728	0.24999713897705078
143	192.48219895362854	response	0	b		horizontal	368.5595757961273	
144	192.73103404045105	stim	0		30	horizontal	368.80841088294983	0.24995803833007812
145	192.98099207878113	stim	0		30	horizontal	369.0583689212799	0.25005292892456055
146	193.2310450077057	stim	0		30	horizontal	369.30842185020447	0.24998998641967773
146	193.30611395835876	pulse	0	t		horizontal	369.38349080085754	
147	193.48103499412537	stim	0		30	horizontal	369.55841183662415	0.24997901916503906
148	193.7310140132904	stim	0		30	horizontal	369.8083908557892	0.25000786781311035
149	193.98102188110352	stim	0		30	horizontal	370.0583987236023	0.24999618530273438
150	194.23101806640625	stim	0		30	horizontal	370.30839490890503	0.25005102157592773
150	194.41445994377136	pulse	0	t		horizontal	370.49183678627014	
151	194.48106908798218	stim	0		30	horizontal	370.55844593048096	0.2499558925628662
152	194.73102498054504	stim	0		30	horizontal	370.8084018230438	0.2499089241027832
153	194.98093390464783	stim	0		30	horizontal	371.0583107471466	0.25015997886657715
154	195.2310938835144	stim	0		30	horizontal	371.3084707260132	0.24994802474975586
155	195.48104190826416	stim	0		30	horizontal	371.55841875076294	0.249953031539917
155	195.52278208732605	pulse	0	t		horizontal	371.60015892982483	
156	195.73099493980408	stim	0		30	horizontal	371.80837178230286	0.2500150203704834
157	195.98100996017456	stim	0		30	horizontal	372.05838680267334	0.24992609024047852
158	196.23093605041504	stim	0		30	horizontal	372.3083128929138	0.2500760555267334
158	196.3227219581604	response	0	b		horizontal	372.4000988006592	
159	196.48101210594177	stim	0		30	horizontal	372.55838894844055	0.24999785423278809
159	196.63940811157227	pulse	0	t		horizontal	372.71678495407104	
160	196.73100996017456	stim	0		30	horizontal	372.80838680267334	0.24996709823608398
161	196.98097705841064	stim	0		30	horizontal	373.0583539009094	0.25003504753112793
162	197.23101210594177	stim	0		30	horizontal	373.30838894844055	0.2500038146972656
163	197.48101592063904	stim	0		30	horizontal	373.5583927631378	0.2499840259552002
164	197.73099994659424	stim	0		30	horizontal	373.808376789093	0.2500290870666504
164	197.74771809577942	pulse	0	t		horizontal	373.8250949382782	
165	197.9810290336609	stim	0		30	horizontal	374.05840587615967	0.2500119209289551
166	198.23104095458984	stim	0		30	horizontal	374.3084177970886	0.24992799758911133
167	198.48096895217896	stim	0		30	horizontal	374.55834579467773	0.25004005432128906
167	198.71441507339478	response	0	b		horizontal	374.79179191589355	
168	198.73100900650024	stim	0		30	horizontal	374.808385848999	0.24991297721862793
168	198.8576250076294	pulse	0	t		horizontal	374.9350018501282	
169	198.98092198371887	stim	0		30	horizontal	375.05829882621765	0.25005102157592773
170	199.2309730052948	stim	0		30	horizontal	375.3083498477936	0.24995088577270508
171	199.4809238910675	stim	0		30	horizontal	375.5583007335663	0.250136137008667
172	199.73106002807617	stim	0		30	horizontal	375.80843687057495	0.2499399185180664
172	199.97278308868408	pulse	0	t		horizontal	376.05015993118286	
173	199.98099994659424	stim	0		30	horizontal	376.058376789093	0.25000905990600586
174	200.23100900650024	stim	0		30	horizontal	376.308385848999	0.24994397163391113
175	200.48095297813416	stim	0		30	horizontal	376.55832982063293	0.25003504753112793
176	200.73098802566528	stim	0		30	horizontal	376.80836486816406	0.25002598762512207
177	200.9810140132904	stim	0		30	horizontal	377.0583908557892	0.24997305870056152
177	201.0811049938202	pulse	0	t		horizontal	377.15848183631897	
178	201.23098707199097	stim	0		30	horizontal	377.30836391448975	0.24999284744262695
179	201.4809799194336	stim	0		30	horizontal	377.5583567619324	0.24999308586120605
180	201.7309730052948	stim	0		30	horizontal	377.8083498477936	0.25000500679016113
181	201.98097801208496	stim	0		30	horizontal	378.05835485458374	0.2500019073486328
181	202.19785690307617	pulse	0	t		horizontal	378.27523374557495	
182	202.2309799194336	stim	0		30	horizontal	378.3083567619324	0.2500190734863281
183	202.48099899291992	stim	0		30	horizontal	378.5583758354187	0.25002288818359375
184	202.73102188110352	stim	0		1800	blank	378.8083987236023	14.999772071838379
184	203.1726861000061	response	0	b		blank	379.2500629425049	
184	203.30595588684082	pulse	0	t		blank	379.3833327293396	
184	204.41548109054565	pulse	0	t		blank	380.49285793304443	
184	205.53109788894653	pulse	0	t		blank	381.6084747314453	
184	206.43938493728638	response	0	b		blank	382.51676177978516	
184	206.6393220424652	pulse	0	t		blank	382.716698884964	
184	207.748792886734	pulse	0	t		blank	383.8261697292328	
184	208.8643980026245	pulse	0	t		blank	384.9417748451233	
184	209.81443810462952	response	0	b		blank	385.8918149471283	
184	209.97272205352783	pulse	0	t		blank	386.0500988960266	
184	211.0893518924713	pulse	0	t		blank	387.1667287349701	
184	212.19777297973633	pulse	0	t		blank	388.2751498222351	
184	213.30717396736145	pulse	0	t		blank	389.38455080986023	
184	213.85600805282593	response	0	b		blank	389.9333848953247	
184	214.42270493507385	pulse	0	t		blank	390.50008177757263	
184	215.5310719013214	pulse	0	t		blank	391.6084487438202	
184	216.58224511146545	response	0	b		blank	392.65962195396423	
184	216.64779210090637	pulse	0	t		blank	392.72516894340515	
185	217.7307939529419	stim	0		30	vertical	393.8081707954407	0.24999594688415527
185	217.7559940814972	pulse	0	t		vertical	393.833370923996	
186	217.98078989982605	stim	0		30	vertical	394.05816674232483	0.25018811225891113
187	218.23097801208496	stim	0		30	vertical	394.30835485458374	0.2499380111694336
188	218.4809160232544	stim	0		30	vertical	394.5582928657532	0.24997806549072266
189	218.73089408874512	stim	0		30	vertical	394.8082709312439	0.2500758171081543
189	218.86439990997314	pulse	0	t		vertical	394.9417767524719	
190	218.98096990585327	stim	0		30	vertical	395.05834674835205	0.24997615814208984
191	219.23094606399536	stim	0		30	vertical	395.30832290649414	0.24991583824157715
192	219.48086190223694	stim	0		30	vertical	395.5582387447357	0.25014305114746094
193	219.7310049533844	stim	0		30	vertical	395.8083817958832	0.24989700317382812
194	219.98090195655823	stim	0		30	vertical	396.058278799057	0.24994111061096191
194	219.98230910301208	pulse	0	t		vertical	396.05968594551086	
195	220.2308430671692	stim	0		30	vertical	396.30821990966797	0.2500889301300049
195	220.23203206062317	response	0	b		vertical	396.30940890312195	
196	220.4809319972992	stim	0		30	vertical	396.558308839798	0.2499830722808838
197	220.73091506958008	stim	0		30	vertical	396.80829191207886	0.24995183944702148
198	220.9808669090271	stim	0		30	vertical	397.0582437515259	0.2500321865081787
198	221.08930110931396	pulse	0	t		vertical	397.16667795181274	
199	221.23089909553528	stim	0		30	vertical	397.30827593803406	0.25000882148742676
200	221.4809079170227	stim	0		30	vertical	397.5582847595215	0.24988412857055664
201	221.73079204559326	stim	0		30	vertical	397.80816888809204	0.250032901763916
202	221.98082494735718	stim	0		30	vertical	398.05820178985596	0.2500009536743164
202	222.1991310119629	pulse	0	t		vertical	398.27650785446167	
203	222.2308259010315	stim	0		30	vertical	398.3082027435303	0.2499990463256836
204	222.48082494735718	stim	0		30	vertical	398.55820178985596	0.24998116493225098
205	222.73080611228943	stim	0		30	vertical	398.8081829547882	0.24997687339782715
206	222.98078298568726	stim	0		30	vertical	399.05815982818604	0.2500419616699219
207	223.23082494735718	stim	0		30	vertical	399.30820178985596	0.24997401237487793
207	223.31421303749084	pulse	0	t		vertical	399.3915898799896	
208	223.48079895973206	stim	0		30	vertical	399.55817580223083	0.24995994567871094
209	223.73075890541077	stim	0		30	vertical	399.80813574790955	0.2500920295715332
210	223.9808509349823	stim	0		30	vertical	400.0582277774811	0.24992895126342773
211	224.23077988624573	stim	0		30	vertical	400.3081567287445	0.25
211	224.4226520061493	pulse	0	t		vertical	400.50002884864807	
212	224.48077988624573	stim	0		30	vertical	400.5581567287445	0.2500150203704834
213	224.7307949066162	stim	0		30	vertical	400.808171749115	0.25003814697265625
213	224.94762897491455	response	0	b		vertical	401.02500581741333	
214	224.98083305358887	stim	0		30	vertical	401.05820989608765	0.24997591972351074
215	225.23080897331238	stim	0		30	vertical	401.30818581581116	0.24998712539672852
216	225.4807960987091	stim	0		30	vertical	401.5581729412079	0.25001096725463867
216	225.53925108909607	pulse	0	t		vertical	401.61662793159485	
217	225.73080706596375	stim	0		30	vertical	401.8081839084625	0.24997186660766602
218	225.9807789325714	stim	0		30	vertical	402.0581557750702	0.25003814697265625
219	226.23081707954407	stim	0		30	vertical	402.30819392204285	0.24997687339782715
220	226.4807939529419	stim	0		30	vertical	402.5581707954407	0.2500579357147217
220	226.64761304855347	pulse	0	t		vertical	402.72498989105225	
221	226.73085188865662	stim	0		30	vertical	402.8082287311554	0.24994707107543945
222	226.98079895973206	stim	0		30	vertical	403.05817580223083	0.24998998641967773
223	227.23078894615173	stim	0		30	vertical	403.3081657886505	0.25002193450927734
223	227.33099389076233	response	0	b		vertical	403.4083707332611	
224	227.480810880661	stim	0		30	vertical	403.5581877231598	0.2499840259552002
225	227.7307949066162	stim	0		30	vertical	403.808171749115	0.250042200088501
225	227.75741600990295	pulse	0	t		vertical	403.83479285240173	
226	227.9808371067047	stim	0		30	vertical	404.0582139492035	0.24993181228637695
227	228.2307689189911	stim	0		30	vertical	404.30814576148987	0.25005006790161133
228	228.4808189868927	stim	0		30	vertical	404.5581958293915	0.2499549388885498
229	228.73077392578125	stim	0		30	vertical	404.80815076828003	0.25014305114746094
229	228.87253499031067	pulse	0	t		vertical	404.94991183280945	
230	228.9809169769287	stim	0		30	vertical	405.0582938194275	0.24988007545471191
231	229.23079705238342	stim	0		30	vertical	405.3081738948822	0.25001001358032227
232	229.48080706596375	stim	0		30	vertical	405.5581839084625	0.24997782707214355
233	229.7307848930359	stim	0		30	vertical	405.80816173553467	0.24999618530273438
233	229.89753794670105	response	0	b		vertical	405.97491478919983	
234	229.98078107833862	stim	0		30	vertical	406.0581579208374	0.2500038146972656
234	229.98196291923523	pulse	0	t		vertical	406.059339761734	
235	230.2307848930359	stim	0		30	vertical	406.30816173553467	0.2501070499420166
236	230.4808919429779	stim	0		30	vertical	406.5582687854767	0.24990105628967285
237	230.73079299926758	stim	0		30	vertical	406.80816984176636	0.24996495246887207
238	230.98075795173645	stim	0		30	vertical	407.05813479423523	0.25012803077697754
238	231.09083795547485	pulse	0	t		vertical	407.16821479797363	
239	231.23088598251343	stim	0		30	vertical	407.3082628250122	0.24991893768310547
240	231.48080492019653	stim	0		30	vertical	407.5581817626953	0.24996304512023926
241	231.73076796531677	stim	0		30	vertical	407.80814480781555	0.2501680850982666
242	231.98093605041504	stim	0		30	vertical	408.0583128929138	0.24989795684814453
242	232.20587706565857	pulse	0	t		vertical	408.28325390815735	
243	232.23083400726318	stim	0		30	vertical	408.30821084976196	0.249953031539917
244	232.4807870388031	stim	0		30	vertical	408.5581638813019	0.25006985664367676
245	232.73085689544678	stim	0		1800	blank	408.80823373794556	14.999939203262329
245	233.3142330646515	pulse	0	t		blank	409.39160990715027	
245	234.43088698387146	pulse	0	t		blank	410.50826382637024	
245	234.9060389995575	response	0	b		blank	410.9834158420563	
245	235.53914403915405	pulse	0	t		blank	411.61652088165283	
245	236.64884209632874	pulse	0	t		blank	412.7262189388275	
245	237.76420187950134	pulse	0	t		blank	413.8415787220001	
245	238.49777793884277	response	0	b		blank	414.57515478134155	
245	238.87258100509644	pulse	0	t		blank	414.9499578475952	
245	239.98920607566833	pulse	0	t		blank	416.0665829181671	
245	240.98085188865662	response	0	b		blank	417.0582287311554	
245	241.09751200675964	pulse	0	t		blank	417.1748888492584	
245	242.20584201812744	pulse	0	t		blank	418.2832188606262	
245	243.3226079940796	pulse	0	t		blank	419.39998483657837	
245	244.43081402778625	pulse	0	t		blank	420.50819087028503	
245	244.50583600997925	response	0	b		blank	420.583212852478	
245	245.54758405685425	pulse	0	t		blank	421.624960899353	
245	246.65582990646362	pulse	0	t		blank	422.7332067489624	
246	247.7307960987091	stim	0		30	horizontal	423.8081729412079	0.24994897842407227
246	247.76421999931335	pulse	0	t		horizontal	423.84159684181213	
247	247.98074507713318	stim	0		30	horizontal	424.05812191963196	0.25003981590270996
248	248.2307848930359	stim	0		30	horizontal	424.30816173553467	0.2500131130218506
249	248.48079800605774	stim	0		30	horizontal	424.5581748485565	0.249953031539917
250	248.73075103759766	stim	0		30	horizontal	424.80812788009644	0.2500338554382324
250	248.87426590919495	pulse	0	t		horizontal	424.9516427516937	
251	248.9807848930359	stim	0		30	horizontal	425.05816173553467	0.24999499320983887
251	249.13237404823303	response	0	b		horizontal	425.2097508907318	
252	249.23077988624573	stim	0		30	horizontal	425.3081567287445	0.24999618530273438
253	249.48077607154846	stim	0		30	horizontal	425.55815291404724	0.24998188018798828
254	249.73075795173645	stim	0		30	horizontal	425.80813479423523	0.25
255	249.98075795173645	stim	0		30	horizontal	426.05813479423523	0.2500030994415283
255	249.98917388916016	pulse	0	t		horizontal	426.06655073165894	
256	250.23076105117798	stim	0		30	horizontal	426.30813789367676	0.25000905990600586
257	250.48077011108398	stim	0		30	horizontal	426.55814695358276	0.24991083145141602
258	250.7306809425354	stim	0		30	horizontal	426.8080577850342	0.25008702278137207
259	250.98076796531677	stim	0		30	horizontal	427.05814480781555	0.24997997283935547
259	251.0990800857544	pulse	0	t		horizontal	427.1764569282532	
260	251.23074793815613	stim	0		30	horizontal	427.3081247806549	0.2499549388885498
261	251.48070287704468	stim	0		30	horizontal	427.55807971954346	0.2500331401824951
262	251.73073601722717	stim	0		30	horizontal	427.80811285972595	0.2500319480895996
263	251.98076796531677	stim	0		30	horizontal	428.05814480781555	0.2500159740447998
263	252.2141718864441	pulse	0	t		horizontal	428.29154872894287	
264	252.23078393936157	stim	0		30	horizontal	428.30816078186035	0.24996495246887207
265	252.48074889183044	stim	0		30	horizontal	428.5581257343292	0.24998903274536133
265	252.55583095550537	response	0	b		horizontal	428.63320779800415	
266	252.7307379245758	stim	0		30	horizontal	428.8081147670746	0.24998211860656738
267	252.98072004318237	stim	0		30	horizontal	429.05809688568115	0.25002598762512207
268	253.2307460308075	stim	0		30	horizontal	429.3081228733063	0.24997806549072266
268	253.32251906394958	pulse	0	t		horizontal	429.39989590644836	
269	253.48072409629822	stim	0		30	horizontal	429.558100938797	0.25002384185791016
270	253.73074793815613	stim	0		30	horizontal	429.8081247806549	0.2500171661376953
271	253.98076510429382	stim	0		30	horizontal	430.0581419467926	0.24999189376831055
272	254.23075699806213	stim	0		30	horizontal	430.3081338405609	0.25002288818359375
272	254.43242692947388	pulse	0	t		horizontal	430.50980377197266	
273	254.48077988624573	stim	0		30	horizontal	430.5581567287445	0.24999117851257324
274	254.7307710647583	stim	0		30	horizontal	430.8081479072571	0.24995684623718262
275	254.98072791099548	stim	0		30	horizontal	431.05810475349426	0.2499840259552002
276	255.23071193695068	stim	0		30	horizontal	431.30808877944946	0.24996495246887207
277	255.48067688941956	stim	0		30	horizontal	431.55805373191833	0.25005507469177246
277	255.54760694503784	pulse	0	t		horizontal	431.6249837875366	
278	255.73073196411133	stim	0		30	horizontal	431.8081088066101	0.25000500679016113
278	255.7724039554596	response	0	b		horizontal	431.8497807979584	
279	255.9807369709015	stim	0		30	horizontal	432.05811381340027	0.24994707107543945
280	256.23068404197693	stim	0		30	horizontal	432.3080608844757	0.25005197525024414
281	256.4807360172272	stim	0		30	horizontal	432.55811285972595	0.24996399879455566
281	256.6557719707489	pulse	0	t		horizontal	432.7331488132477	
282	256.73070001602173	stim	0		30	horizontal	432.8080768585205	0.25000691413879395
283	256.9807069301605	stim	0		30	horizontal	433.0580837726593	0.2500309944152832
284	257.2307379245758	stim	0		30	horizontal	433.3081147670746	0.2500131130218506
285	257.48075103759766	stim	0		30	horizontal	433.55812788009644	0.25007104873657227
286	257.73082208633423	stim	0		30	horizontal	433.808198928833	0.24988579750061035
286	257.77251291275024	pulse	0	t		horizontal	433.849889755249	
287	257.98070788383484	stim	0		30	horizontal	434.0580847263336	0.24999022483825684
288	258.2306981086731	stim	0		30	horizontal	434.3080749511719	0.25002288818359375
289	258.4807209968567	stim	0		30	horizontal	434.55809783935547	0.2500040531158447
290	258.73072504997253	stim	0		30	horizontal	434.8081018924713	0.2499399185180664
290	258.880774974823	pulse	0	t		horizontal	434.9581518173218	
291	258.9806649684906	stim	0		30	horizontal	435.0580418109894	0.25005006790161133
292	259.2307150363922	stim	0		30	horizontal	435.308091878891	0.25000905990600586
292	259.4073739051819	response	0	b		horizontal	435.48475074768066	
293	259.4807240962982	stim	0		30	horizontal	435.558100938797	0.24993085861206055
294	259.7306549549103	stim	0		30	horizontal	435.80803179740906	0.250046968460083
295	259.98070192337036	stim	0		30	horizontal	436.05807876586914	0.2499980926513672
295	259.99069809913635	pulse	0	t		horizontal	436.06807494163513	
296	260.23070001602173	stim	0		30	horizontal	436.3080768585205	0.24997591972351074
297	260.48067593574524	stim	0		30	horizontal	436.558052778244	0.2500450611114502
298	260.7307209968567	stim	0		30	horizontal	436.80809783935547	0.24997997283935547
299	260.98070096969604	stim	0		30	horizontal	437.0580778121948	0.24999713897705078
299	261.10577297210693	pulse	0	t		horizontal	437.1831498146057	
300	261.2306981086731	stim	0		30	horizontal	437.3080749511719	0.24999785423278809
301	261.4806959629059	stim	0		30	horizontal	437.55807280540466	0.2500269412994385
302	261.7307229042053	stim	0		30	horizontal	437.8080997467041	0.2501029968261719
303	261.9808259010315	stim	0		30	horizontal	438.0582027435303	0.24987101554870605
303	262.21408009529114	pulse	0	t		horizontal	438.2914569377899	
304	262.2306969165802	stim	0		30	horizontal	438.308073759079	0.24998807907104492
305	262.48068499565125	stim	0		30	horizontal	438.55806183815	0.2500009536743164
305	262.6890769004822	response	0	b		horizontal	438.76645374298096	
306	262.73068594932556	stim	0		1800	blank	438.80806279182434	14.99991512298584
306	263.3307399749756	pulse	0	t		blank	439.40811681747437	
306	264.4390869140625	pulse	0	t		blank	440.5164637565613	
306	265.54845905303955	pulse	0	t		blank	441.62583589553833	
306	265.97239899635315	response	0	b		blank	442.04977583885193	
306	266.6641149520874	pulse	0	t		blank	442.7414917945862	
306	267.7724540233612	pulse	0	t		blank	443.84983086586	
306	268.4641330242157	response	0	b		blank	444.5415098667145	
306	268.8819200992584	pulse	0	t		blank	444.9592969417572	
306	269.9975619316101	pulse	0	t		blank	446.0749387741089	
306	271.10527992248535	pulse	0	t		blank	447.18265676498413	
306	272.22212195396423	pulse	0	t		blank	448.299498796463	
306	272.8404200077057	response	0	b		blank	448.91779685020447	
306	273.330983877182	pulse	0	t		blank	449.4083607196808	
306	274.4402229785919	pulse	0	t		blank	450.5175998210907	
306	275.5556960105896	pulse	0	t		blank	451.6330728530884	
306	276.58072805404663	response	0	b		blank	452.6581048965454	
306	276.6640169620514	pulse	0	t		blank	452.74139380455017	
307	277.7306010723114	stim	0		30	vertical	453.8079779148102	0.2500920295715332
307	277.77394008636475	pulse	0	t		vertical	453.8513169288635	
308	277.98069310188293	stim	0		30	vertical	454.0580699443817	0.24997377395629883
309	278.23066687583923	stim	0		30	vertical	454.308043718338	0.24995207786560059
310	278.48061895370483	stim	0		30	vertical	454.5579957962036	0.250075101852417
311	278.73069405555725	stim	0		30	vertical	454.80807089805603	0.24990200996398926
311	278.8890130519867	pulse	0	t		vertical	454.9663898944855	
312	278.98059606552124	stim	0		30	vertical	455.05797290802	0.2500150203704834
313	279.2306110858917	stim	0		30	vertical	455.3079879283905	0.24997901916503906
314	279.48059010505676	stim	0		30	vertical	455.55796694755554	0.24998784065246582
315	279.73057794570923	stim	0		30	vertical	455.807954788208	0.25005507469177246
315	279.8889899253845	response	0	b		vertical	455.9663667678833	
316	279.980633020401	stim	0		30	vertical	456.0580098628998	0.24996685981750488
316	279.99728202819824	pulse	0	t		vertical	456.074658870697	
317	280.2305998802185	stim	0		30	vertical	456.3079767227173	0.24997615814208984
318	280.4805760383606	stim	0		30	vertical	456.5579528808594	0.2500770092010498
319	280.73065304756165	stim	0		30	vertical	456.8080298900604	0.2499828338623047
320	280.98063588142395	stim	0		30	vertical	457.05801272392273	0.24989819526672363
320	281.11400508880615	pulse	0	t		vertical	457.19138193130493	
321	281.2305340766907	stim	0		30	vertical	457.30791091918945	0.25005602836608887
322	281.48059010505676	stim	0		30	vertical	457.55796694755554	0.24996590614318848
323	281.73055601119995	stim	0		30	vertical	457.80793285369873	0.2500629425048828
324	281.98061895370483	stim	0		30	vertical	458.0579957962036	0.24990510940551758
324	282.2224109172821	pulse	0	t		vertical	458.2997877597809	
325	282.23052406311035	stim	0		30	vertical	458.30790090560913	0.2500269412994385
326	282.4805510044098	stim	0		30	vertical	458.55792784690857	0.24995207786560059
327	282.7305030822754	stim	0		30	vertical	458.80787992477417	0.2500898838043213
328	282.9805929660797	stim	0		30	vertical	459.0579698085785	0.24990296363830566
329	283.230495929718	stim	0		30	vertical	459.3078727722168	0.25002217292785645
329	283.33226704597473	pulse	0	t		vertical	459.4096438884735	
330	283.4805181026459	stim	0		30	vertical	459.55789494514465	0.2500288486480713
330	283.65561389923096	response	0	b		vertical	459.73299074172974	
331	283.73054695129395	stim	0		30	vertical	459.8079237937927	0.2500021457672119
332	283.98054909706116	stim	0		30	vertical	460.05792593955994	0.24994182586669922
333	284.23049092292786	stim	0		30	vertical	460.30786776542664	0.2501339912414551
333	284.44731187820435	pulse	0	t		vertical	460.5246887207031	
334	284.4806249141693	stim	0		30	vertical	460.5580017566681	0.2499229907989502
335	284.73054790496826	stim	0		30	vertical	460.80792474746704	0.2499539852142334
336	284.9805018901825	stim	0		30	vertical	461.0578787326813	0.25007200241088867
337	285.2305738925934	stim	0		30	vertical	461.30795073509216	0.24998712539672852
338	285.4805610179901	stim	0		30	vertical	461.5579378604889	0.24994897842407227
338	285.555645942688	pulse	0	t		vertical	461.63302278518677	
339	285.7305099964142	stim	0		30	vertical	461.80788683891296	0.25006604194641113
340	285.9805760383606	stim	0		30	vertical	462.0579528808594	0.24996590614318848
341	286.2305419445038	stim	0		30	vertical	462.30791878700256	0.2499539852142334
342	286.480495929718	stim	0		30	vertical	462.5578727722168	0.2500770092010498
342	286.6723349094391	pulse	0	t		vertical	462.74971175193787	
343	286.73057293891907	stim	0		30	vertical	462.80794978141785	0.24997401237487793
344	286.98054695129395	stim	0		30	vertical	463.0579237937927	0.24997806549072266
345	287.23052501678467	stim	0		30	vertical	463.30790185928345	0.2500910758972168
346	287.4806160926819	stim	0		30	vertical	463.55799293518066	0.249924898147583
347	287.73054099082947	stim	0		30	vertical	463.80791783332825	0.24995994567871094
347	287.7639479637146	response	0	b		vertical	463.8413248062134	
347	287.78060007095337	pulse	0	t		vertical	463.85797691345215	
348	287.9805009365082	stim	0		30	vertical	464.05787777900696	0.25008201599121094
349	288.2305829524994	stim	0		30	vertical	464.30795979499817	0.24993109703063965
350	288.48051404953003	stim	0		30	vertical	464.5578908920288	0.24999785423278809
351	288.7305119037628	stim	0		30	vertical	464.8078887462616	0.25002408027648926
351	288.8889009952545	pulse	0	t		vertical	464.9662778377533	
352	288.9805359840393	stim	0		30	vertical	465.0579128265381	0.25000810623168945
353	289.230544090271	stim	0		30	vertical	465.3079209327698	0.25002598762512207
354	289.4805700778961	stim	0		30	vertical	465.5579469203949	0.2499678134918213
355	289.73053789138794	stim	0		30	vertical	465.8079147338867	0.2499690055847168
356	289.98050689697266	stim	0		30	vertical	466.05788373947144	0.25002598762512207
356	290.00565791130066	pulse	0	t		vertical	466.08303475379944	
357	290.2305328845978	stim	0		30	vertical	466.30790972709656	0.2500650882720947
358	290.4805979728699	stim	0		30	vertical	466.55797481536865	0.24993395805358887
359	290.73053193092346	stim	0		30	vertical	466.80790877342224	0.25004100799560547
359	290.78896403312683	response	0	b		vertical	466.8663408756256	
360	290.98057293891907	stim	0		30	vertical	467.05794978141785	0.24999403953552246
360	291.11387395858765	pulse	0	t		vertical	467.1912508010864	
361	291.2305669784546	stim	0		30	vertical	467.30794382095337	0.24994492530822754
362	291.4805119037628	stim	0		30	vertical	467.5578887462616	0.2500481605529785
363	291.7305600643158	stim	0		30	vertical	467.8079369068146	0.24994492530822754
364	291.980504989624	stim	0		30	vertical	468.0578818321228	0.249985933303833
365	292.23049092292786	stim	0		30	vertical	468.30786776542664	0.25008416175842285
365	292.2245628833771	pulse	0	t		vertical	468.30193972587585	
366	292.4805750846863	stim	0		30	vertical	468.55795192718506	0.2499988079071045
367	292.7305738925934	stim	0		1800	blank	468.80795073509216	14.999917030334473
367	293.3389558792114	response	0	b		blank	469.4163327217102	
367	293.33904004096985	pulse	0	t		blank	469.4164168834686	
367	294.44726610183716	pulse	0	t		blank	470.52464294433594	
367	295.56400299072266	pulse	0	t		blank	471.64137983322144	
367	296.6722409725189	pulse	0	t		blank	472.7496178150177	
367	297.3139638900757	response	0	b		blank	473.39134073257446	
367	297.78169202804565	pulse	0	t		blank	473.85906887054443	
367	298.8973228931427	pulse	0	t		blank	474.9746997356415	
367	300.00563287734985	pulse	0	t		blank	476.08300971984863	
367	301.0138568878174	response	0	b		blank	477.09123373031616	
367	301.1152548789978	pulse	0	t		blank	477.1926317214966	
367	302.2306180000305	pulse	0	t		blank	478.3079948425293	
367	303.33887696266174	pulse	0	t		blank	479.4162538051605	
367	304.455579996109	pulse	0	t		blank	480.5329568386078	
367	304.80556201934814	response	0	b		blank	480.8829388618469	
367	305.563884973526	pulse	0	t		blank	481.6412618160248	
367	306.67336893081665	pulse	0	t		blank	482.75074577331543	
367	307.0805809497833	response	0	b		blank	483.1579577922821	
368	307.73049092292786	stim	0		30	horizontal	483.80786776542664	0.2500021457672119
368	307.78891491889954	pulse	0	t		horizontal	483.8662917613983	
369	307.98049306869507	stim	0		30	horizontal	484.05786991119385	0.24995183944702148
370	308.2304449081421	stim	0		30	horizontal	484.30782175064087	0.2500631809234619
371	308.48050808906555	stim	0		30	horizontal	484.55788493156433	0.24994587898254395
372	308.7304539680481	stim	0		30	horizontal	484.8078308105469	0.2500491142272949
372	308.89717292785645	pulse	0	t		horizontal	484.9745497703552	
373	308.9805030822754	stim	0		30	horizontal	485.05787992477417	0.24998784065246582
374	309.23049092292786	stim	0		30	horizontal	485.30786776542664	0.250014066696167
375	309.480504989624	stim	0		30	horizontal	485.5578818321228	0.24998092651367188
376	309.7304859161377	stim	0		30	horizontal	485.8078627586365	0.2500121593475342
377	309.98049807548523	stim	0		30	horizontal	486.057874917984	0.2499678134918213
377	310.01393699645996	pulse	0	t		horizontal	486.09131383895874	
378	310.23046588897705	stim	0		30	horizontal	486.30784273147583	0.2500340938568115
379	310.48049998283386	stim	0		30	horizontal	486.55787682533264	0.24996495246887207
380	310.73046493530273	stim	0		30	horizontal	486.8078417778015	0.2499680519104004
381	310.98043298721313	stim	0		30	horizontal	487.0578098297119	0.250032901763916
381	311.1222240924835	pulse	0	t		horizontal	487.1996009349823	
382	311.23046588897705	stim	0		30	horizontal	487.30784273147583	0.2500472068786621
383	311.4805130958557	stim	0		30	horizontal	487.5578899383545	0.2500038146972656
384	311.730516910553	stim	0		30	horizontal	487.80789375305176	0.24996614456176758
385	311.98048305511475	stim	0		30	horizontal	488.0578598976135	0.2499690055847168
386	312.23045206069946	stim	0		30	horizontal	488.30782890319824	0.2500128746032715
386	312.23164105415344	pulse	0	t		horizontal	488.3090178966522	
386	312.26535511016846	response	0	b		horizontal	488.34273195266724	
387	312.48046493530273	stim	0		30	horizontal	488.5578417778015	0.25000596046447754
388	312.7304708957672	stim	0		30	horizontal	488.807847738266	0.24997520446777344
389	312.980446100235	stim	0		30	horizontal	489.05782294273376	0.2500038146972656
390	313.23044991493225	stim	0		30	horizontal	489.30782675743103	0.2500121593475342
390	313.3472020626068	pulse	0	t		horizontal	489.4245789051056	
391	313.4804620742798	stim	0		30	horizontal	489.55783891677856	0.2500419616699219
392	313.7305040359497	stim	0		30	horizontal	489.8078808784485	0.24995803833007812
393	313.9804620742798	stim	0		30	horizontal	490.05783891677856	0.24999499320983887
394	314.2304570674896	stim	0		30	horizontal	490.3078339099884	0.24999690055847168
394	314.4555480480194	pulse	0	t		horizontal	490.5329248905182	
395	314.4804539680481	stim	0		30	horizontal	490.5578308105469	0.25000810623168945
396	314.7304620742798	stim	0		30	horizontal	490.80783891677856	0.2499849796295166
396	314.86399006843567	response	0	b		horizontal	490.94136691093445	
397	314.9804470539093	stim	0		30	horizontal	491.0578238964081	0.25001001358032227
398	315.2304570674896	stim	0		30	horizontal	491.3078339099884	0.2500288486480713
399	315.4804859161377	stim	0		30	horizontal	491.5578627586365	0.2499220371246338
399	315.56540608406067	pulse	0	t		horizontal	491.64278292655945	
400	315.73040795326233	stim	0		30	horizontal	491.8077847957611	0.25003910064697266
401	315.9804470539093	stim	0		30	horizontal	492.0578238964081	0.2500119209289551
402	316.23045897483826	stim	0		30	horizontal	492.30783581733704	0.24995994567871094
403	316.48041892051697	stim	0		30	horizontal	492.55779576301575	0.2500321865081787
403	316.68055391311646	pulse	0	t		horizontal	492.75793075561523	
404	316.73045110702515	stim	0		30	horizontal	492.8078279495239	0.24999380111694336
405	316.9804449081421	stim	0		30	horizontal	493.05782175064087	0.24990510940551758
406	317.2303500175476	stim	0		30	horizontal	493.3077268600464	0.2500770092010498
407	317.48042702674866	stim	0		30	horizontal	493.55780386924744	0.25003790855407715
408	317.73046493530273	stim	0		30	horizontal	493.8078417778015	0.2500591278076172
408	317.7888250350952	pulse	0	t		horizontal	493.866201877594	
409	317.98052406311035	stim	0		30	horizontal	494.05790090560913	0.24994397163391113
409	318.0388059616089	response	0	b		horizontal	494.11618280410767	
410	318.23046803474426	stim	0		30	horizontal	494.30784487724304	0.24994397163391113
411	318.4804120063782	stim	0		30	horizontal	494.55778884887695	0.24995207786560059
412	318.7303640842438	stim	0		30	horizontal	494.80774092674255	0.2500748634338379
412	318.90553402900696	pulse	0	t		horizontal	494.98291087150574	
413	318.9804389476776	stim	0		30	horizontal	495.0578157901764	0.24995112419128418
414	319.2303900718689	stim	0		30	horizontal	495.3077669143677	0.24994492530822754
415	319.4803349971771	stim	0		30	horizontal	495.5577118396759	0.2501349449157715
416	319.7304699420929	stim	0		30	horizontal	495.8078467845917	0.24997305870056152
417	319.98044300079346	stim	0		30	horizontal	496.05781984329224	0.2501220703125
417	320.0138449668884	pulse	0	t		horizontal	496.0912218093872	
418	320.23056507110596	stim	0		30	horizontal	496.30794191360474	0.2499380111694336
419	320.4805030822754	stim	0		30	horizontal	496.55787992477417	0.24994397163391113
420	320.7304470539093	stim	0		30	horizontal	496.8078238964081	0.2499408721923828
421	320.9803879261017	stim	0		30	horizontal	497.05776476860046	0.2500419616699219
421	321.12373995780945	pulse	0	t		horizontal	497.2011168003082	
422	321.2304298877716	stim	0		30	horizontal	497.3078067302704	0.2500331401824951
423	321.4804630279541	stim	0		30	horizontal	497.5578398704529	0.25000786781311035
424	321.7304708957672	stim	0		30	horizontal	497.807847738266	0.24999213218688965
425	321.9804630279541	stim	0		30	horizontal	498.0578398704529	0.249985933303833
426	322.23044896125793	stim	0		30	horizontal	498.3078258037567	0.2500169277191162
426	322.2387990951538	pulse	0	t		horizontal	498.3161759376526	
427	322.48046588897705	stim	0		30	horizontal	498.55784273147583	0.24989104270935059
427	322.5555419921875	response	0	b		horizontal	498.6329188346863	
428	322.7303569316864	stim	0		1800	blank	498.8077337741852	14.999933958053589
428	323.34726190567017	pulse	0	t		blank	499.42463874816895	
428	324.45673394203186	pulse	0	t		blank	500.53411078453064	
428	325.1390390396118	response	0	b		blank	501.2164158821106	
428	325.57218194007874	pulse	0	t		blank	501.6495587825775	
428	326.6804549694061	pulse	0	t		blank	502.7578318119049	
428	327.7968499660492	pulse	0	t		blank	503.874226808548	
428	328.9056749343872	pulse	0	t		blank	504.983051776886	
428	329.7304298877716	response	0	b		blank	505.8078067302704	
428	330.0149760246277	pulse	0	t		blank	506.09235286712646	
428	331.1305470466614	pulse	0	t		blank	507.20792388916016	
428	332.2387990951538	pulse	0	t		blank	508.3161759376526	
428	333.01382303237915	response	0	b		blank	509.09119987487793	
428	333.3554849624634	pulse	0	t		blank	509.43286180496216	
428	334.4636468887329	pulse	0	t		blank	510.5410237312317	
428	335.5720739364624	pulse	0	t		blank	511.6494507789612	
428	335.9887080192566	response	0	b		blank	512.0660848617554	
428	336.68876600265503	pulse	0	t		blank	512.7661428451538	
429	337.73029088974	stim	0		30	vertical	513.8076677322388	0.24998021125793457
429	337.7969970703125	pulse	0	t		vertical	513.8743739128113	
430	337.9802711009979	stim	0		30	vertical	514.0576479434967	0.2500789165496826
430	338.0235970020294	response	0	b		vertical	514.1009738445282	
431	338.2303500175476	stim	0		30	vertical	514.3077268600464	0.24999499320983887
432	338.48034501075745	stim	0		30	vertical	514.5577218532562	0.2498929500579834
433	338.73023796081543	stim	0		30	vertical	514.8076148033142	0.2500579357147217
433	338.90692710876465	pulse	0	t		vertical	514.9843039512634	
434	338.98029589653015	stim	0		30	vertical	515.0576727390289	0.24999308586120605
435	339.23028898239136	stim	0		30	vertical	515.3076658248901	0.2500739097595215
436	339.4803628921509	stim	0		30	vertical	515.5577397346497	0.24991798400878906
437	339.73028087615967	stim	0		30	vertical	515.8076577186584	0.24997711181640625
438	339.9802579879761	stim	0		30	vertical	516.0576348304749	0.25005197525024414
438	340.02207803726196	pulse	0	t		vertical	516.0994548797607	
439	340.2303099632263	stim	0		30	vertical	516.3076868057251	0.25002002716064453
440	340.48032999038696	stim	0		30	vertical	516.5577068328857	0.24997711181640625
441	340.73030710220337	stim	0		30	vertical	516.8076839447021	0.25001978874206543
442	340.98032689094543	stim	0		30	vertical	517.0577037334442	0.24995803833007812
442	341.13041496276855	pulse	0	t		vertical	517.2077918052673	
443	341.2302849292755	stim	0		30	vertical	517.3076617717743	0.24995899200439453
444	341.4802439212799	stim	0		30	vertical	517.5576207637787	0.25005197525024414
445	341.73029589653015	stim	0		30	vertical	517.8076727390289	0.2499401569366455
446	341.9802360534668	stim	0		30	vertical	518.0576128959656	0.2500438690185547
446	342.12200593948364	response	0	b		vertical	518.1993827819824	
447	342.23027992248535	stim	0		30	vertical	518.3076567649841	0.2500419616699219
447	342.2469439506531	pulse	0	t		vertical	518.3243207931519	
448	342.4803218841553	stim	0		30	vertical	518.557698726654	0.2499861717224121
449	342.7303080558777	stim	0		30	vertical	518.8076848983765	0.24993085861206055
450	342.98023891448975	stim	0		30	vertical	519.0576157569885	0.25014400482177734
451	343.2303829193115	stim	0		30	vertical	519.3077597618103	0.24986910820007324
451	343.3553719520569	pulse	0	t		vertical	519.4327487945557	
452	343.4802520275116	stim	0		30	vertical	519.5576288700104	0.24998998641967773
453	343.7302420139313	stim	0		30	vertical	519.80761885643	0.25009703636169434
454	343.98033905029297	stim	0		30	vertical	520.0577158927917	0.2500288486480713
455	344.23036789894104	stim	0		30	vertical	520.3077447414398	0.24998712539672852
455	344.4636240005493	pulse	0	t		vertical	520.5410008430481	
456	344.48035502433777	stim	0		30	vertical	520.5577318668365	0.24997687339782715
457	344.7303318977356	stim	0		30	vertical	520.8077087402344	0.2499082088470459
458	344.98024010658264	stim	0		30	vertical	521.0576169490814	0.2501108646392822
459	345.2303509712219	stim	0		30	vertical	521.3077278137207	0.2498950958251953
460	345.4802460670471	stim	0		30	vertical	521.5576229095459	0.24999690055847168
460	345.58036494255066	pulse	0	t		vertical	521.6577417850494	
461	345.7302429676056	stim	0		30	vertical	521.8076198101044	0.2501220703125
462	345.9803650379181	stim	0		30	vertical	522.0577418804169	0.24988198280334473
463	346.23024702072144	stim	0		30	vertical	522.3076238632202	0.25008106231689453
463	346.27211689949036	response	0	b		vertical	522.3494937419891	
464	346.48032808303833	stim	0		30	vertical	522.5577049255371	0.2499539852142334
464	346.68865990638733	pulse	0	t		vertical	522.7660367488861	
465	346.73028206825256	stim	0		30	vertical	522.8076589107513	0.24998784065246582
466	346.98026990890503	stim	0		30	vertical	523.0576467514038	0.24998903274536133
467	347.2302589416504	stim	0		30	vertical	523.3076357841492	0.25014209747314453
468	347.48040103912354	stim	0		30	vertical	523.5577778816223	0.2498340606689453
469	347.7302350997925	stim	0		30	vertical	523.8076119422913	0.25010085105895996
469	347.798712015152	pulse	0	t		vertical	523.8760888576508	
470	347.98033595085144	stim	0		30	vertical	524.0577127933502	0.2500021457672119
471	348.23033809661865	stim	0		30	vertical	524.3077149391174	0.24994683265686035
472	348.4802849292755	stim	0		30	vertical	524.5576617717743	0.24999117851257324
473	348.7302761077881	stim	0		30	vertical	524.8076529502869	0.2500009536743164
473	348.9136469364166	pulse	0	t		vertical	524.9910237789154	
474	348.9802770614624	stim	0		30	vertical	525.0576539039612	0.250018835067749
475	349.23029589653015	stim	0		30	vertical	525.3076727390289	0.25002002716064453
476	349.4803159236908	stim	0		30	vertical	525.5576927661896	0.2499220371246338
477	349.73023796081543	stim	0		30	vertical	525.8076148033142	0.24997901916503906
478	349.98021697998047	stim	0		30	vertical	526.0575938224792	0.2501490116119385
478	350.02204489707947	pulse	0	t		vertical	526.0994217395782	
479	350.2303659915924	stim	0		30	vertical	526.3077428340912	0.24985408782958984
480	350.480220079422	stim	0		30	vertical	526.5575969219208	0.2500278949737549
480	350.63200187683105	response	0	b		vertical	526.7093787193298	
481	350.73024797439575	stim	0		30	vertical	526.8076248168945	0.2500340938568115
482	350.98028206825256	stim	0		30	vertical	527.0576589107513	0.24995994567871094
482	351.13869190216064	pulse	0	t		vertical	527.2160687446594	
483	351.2302420139313	stim	0		30	vertical	527.30761885643	0.2499690055847168
484	351.480211019516	stim	0		30	vertical	527.5575878620148	0.2500319480895996
485	351.7302429676056	stim	0		30	vertical	527.8076198101044	0.24996495246887207
486	351.98020792007446	stim	0		30	vertical	528.0575847625732	0.24997806549072266
487	352.2301859855652	stim	0		30	vertical	528.307562828064	0.2501370906829834
487	352.24695205688477	pulse	0	t		vertical	528.3243288993835	
488	352.48032307624817	stim	0		30	vertical	528.557699918747	0.24990582466125488
489	352.7302289009094	stim	0		1800	blank	528.8076057434082	14.999983072280884
489	353.3565468788147	pulse	0	t		blank	529.4339237213135	
489	353.7649099826813	response	0	b		blank	529.84228682518	
489	354.4720358848572	pulse	0	t		blank	530.549412727356	
489	355.58032608032227	pulse	0	t		blank	531.657702922821	
489	356.0232300758362	response	0	b		blank	532.100606918335	
489	356.69701290130615	pulse	0	t		blank	532.7743897438049	
489	357.8052089214325	pulse	0	t		blank	533.8825857639313	
489	358.9136519432068	pulse	0	t		blank	534.9910287857056	
489	359.6470060348511	response	0	b		blank	535.7243828773499	
489	360.0302619934082	pulse	0	t		blank	536.107638835907	
489	361.13856291770935	pulse	0	t		blank	537.2159397602081	
489	362.25525999069214	pulse	0	t		blank	538.3326368331909	
489	363.3636200428009	pulse	0	t		blank	539.4409968852997	
489	363.59693908691406	response	0	b		blank	539.6743159294128	
489	364.4719409942627	pulse	0	t		blank	540.5493178367615	
489	365.5886631011963	pulse	0	t		blank	541.6660399436951	
489	366.6970009803772	pulse	0	t		blank	542.774377822876	
489	367.72199010849	response	0	b		blank	543.7993669509888	
490	367.7302119731903	stim	0		600	baseline	543.8075888156891	5.03279709815979
490	367.8052599430084	pulse	0	t		baseline	543.8826367855072	
490	368.92196893692017	pulse	0	t		baseline	544.999345779419	
490	370.0303409099579	pulse	0	t		baseline	546.1077177524567	
490	371.1399300098419	pulse	0	t		baseline	547.2173068523407	
490	371.606486082077	response	0	b		baseline	547.6838629245758	
490	372.25527596473694	pulse	0	t		baseline	548.3326528072357	
